2026-02-17,solar-eclipse,annular Solar Eclipse,The Moon briefly hides the Sun.
2026-03-03,lunar-eclipse,total Lunar Eclipse,Watch Earth's shadow slowly cross the Moon.
2026-08-12,solar-eclipse,total Solar Eclipse,The Moon briefly hides the Sun.
2026-08-28,lunar-eclipse,partial Lunar Eclipse,Watch Earth's shadow slowly cross the Moon.
2027-02-06,solar-eclipse,annular Solar Eclipse,The Moon briefly hides the Sun.
2027-02-20,lunar-eclipse,penumbral Lunar Eclipse,Watch Earth's shadow slowly cross the Moon.
2027-07-18,lunar-eclipse,penumbral Lunar Eclipse,Watch Earth's shadow slowly cross the Moon.
2027-08-02,solar-eclipse,total Solar Eclipse,The Moon briefly hides the Sun.
2027-08-17,lunar-eclipse,penumbral Lunar Eclipse,Watch Earth's shadow slowly cross the Moon.
2028-01-12,lunar-eclipse,partial Lunar Eclipse,Watch Earth's shadow slowly cross the Moon.
2028-01-26,solar-eclipse,annular Solar Eclipse,The Moon briefly hides the Sun.
2028-07-06,lunar-eclipse,partial Lunar Eclipse,Watch Earth's shadow slowly cross the Moon.
2028-07-22,solar-eclipse,total Solar Eclipse,The Moon briefly hides the Sun.
2028-12-31,lunar-eclipse,total Lunar Eclipse,Watch Earth's shadow slowly cross the Moon.
2029-01-14,solar-eclipse,partial Solar Eclipse,The Moon briefly hides the Sun.
2029-06-12,solar-eclipse,partial Solar Eclipse,The Moon briefly hides the Sun.
2029-06-26,lunar-eclipse,total Lunar Eclipse,Watch Earth's shadow slowly cross the Moon.
2029-07-11,solar-eclipse,partial Solar Eclipse,The Moon briefly hides the Sun.
2029-12-05,solar-eclipse,partial Solar Eclipse,The Moon briefly hides the Sun.
2029-12-20,lunar-eclipse,total Lunar Eclipse,Watch Earth's shadow slowly cross the Moon.
2030-06-01,solar-eclipse,annular Solar Eclipse,The Moon briefly hides the Sun.
2030-06-15,lunar-eclipse,partial Lunar Eclipse,Watch Earth's shadow slowly cross the Moon.
2030-11-25,solar-eclipse,total Solar Eclipse,The Moon briefly hides the Sun.
2030-12-09,lunar-eclipse,penumbral Lunar Eclipse,Watch Earth's shadow slowly cross the Moon.
2031-05-07,lunar-eclipse,penumbral Lunar Eclipse,Watch Earth's shadow slowly cross the Moon.
2031-05-21,solar-eclipse,annular Solar Eclipse,The Moon briefly hides the Sun.
2031-06-05,lunar-eclipse,penumbral Lunar Eclipse,Watch Earth's shadow slowly cross the Moon.
2031-10-30,lunar-eclipse,penumbral Lunar Eclipse,Watch Earth's shadow slowly cross the Moon.
2031-11-14,solar-eclipse,total Solar Eclipse,The Moon briefly hides the Sun.
2032-04-25,lunar-eclipse,total Lunar Eclipse,Watch Earth's shadow slowly cross the Moon.
2032-05-09,solar-eclipse,annular Solar Eclipse,The Moon briefly hides the Sun.
2032-10-18,lunar-eclipse,total Lunar Eclipse,Watch Earth's shadow slowly cross the Moon.
2032-11-03,solar-eclipse,partial Solar Eclipse,The Moon briefly hides the Sun.
2033-03-30,solar-eclipse,total Solar Eclipse,The Moon briefly hides the Sun.
2033-04-14,lunar-eclipse,total Lunar Eclipse,Watch Earth's shadow slowly cross the Moon.
2033-09-23,solar-eclipse,partial Solar Eclipse,The Moon briefly hides the Sun.
2033-10-08,lunar-eclipse,total Lunar Eclipse,Watch Earth's shadow slowly cross the Moon.
2034-03-20,solar-eclipse,total Solar Eclipse,The Moon briefly hides the Sun.
2034-04-03,lunar-eclipse,penumbral Lunar Eclipse,Watch Earth's shadow slowly cross the Moon.
2034-09-12,solar-eclipse,annular Solar Eclipse,The Moon briefly hides the Sun.
2034-09-28,lunar-eclipse,partial Lunar Eclipse,Watch Earth's shadow slowly cross the Moon.
2035-02-22,lunar-eclipse,penumbral Lunar Eclipse,Watch Earth's shadow slowly cross the Moon.
2035-03-09,solar-eclipse,annular Solar Eclipse,The Moon briefly hides the Sun.
2035-08-19,lunar-eclipse,partial Lunar Eclipse,Watch Earth's shadow slowly cross the Moon.
2035-09-02,solar-eclipse,total Solar Eclipse,The Moon briefly hides the Sun.
2036-02-11,lunar-eclipse,total Lunar Eclipse,Watch Earth's shadow slowly cross the Moon.
2036-02-27,solar-eclipse,partial Solar Eclipse,The Moon briefly hides the Sun.
2036-07-23,solar-eclipse,partial Solar Eclipse,The Moon briefly hides the Sun.
2036-08-07,lunar-eclipse,total Lunar Eclipse,Watch Earth's shadow slowly cross the Moon.
2036-08-21,solar-eclipse,partial Solar Eclipse,The Moon briefly hides the Sun.
2037-01-16,solar-eclipse,partial Solar Eclipse,The Moon briefly hides the Sun.
2037-01-31,lunar-eclipse,total Lunar Eclipse,Watch Earth's shadow slowly cross the Moon.
2037-07-13,solar-eclipse,total Solar Eclipse,The Moon briefly hides the Sun.
2037-07-27,lunar-eclipse,partial Lunar Eclipse,Watch Earth's shadow slowly cross the Moon.
2038-01-05,solar-eclipse,annular Solar Eclipse,The Moon briefly hides the Sun.
2038-01-21,lunar-eclipse,penumbral Lunar Eclipse,Watch Earth's shadow slowly cross the Moon.
2038-06-17,lunar-eclipse,penumbral Lunar Eclipse,Watch Earth's shadow slowly cross the Moon.
2038-07-02,solar-eclipse,annular Solar Eclipse,The Moon briefly hides the Sun.
2038-07-16,lunar-eclipse,penumbral Lunar Eclipse,Watch Earth's shadow slowly cross the Moon.
2038-12-11,lunar-eclipse,penumbral Lunar Eclipse,Watch Earth's shadow slowly cross the Moon.
2038-12-26,solar-eclipse,total Solar Eclipse,The Moon briefly hides the Sun.
2039-06-06,lunar-eclipse,partial Lunar Eclipse,Watch Earth's shadow slowly cross the Moon.
2039-06-21,solar-eclipse,annular Solar Eclipse,The Moon briefly hides the Sun.
2039-11-30,lunar-eclipse,partial Lunar Eclipse,Watch Earth's shadow slowly cross the Moon.
2039-12-15,solar-eclipse,total Solar Eclipse,The Moon briefly hides the Sun.
2040-05-11,solar-eclipse,partial Solar Eclipse,The Moon briefly hides the Sun.
2040-05-26,lunar-eclipse,total Lunar Eclipse,Watch Earth's shadow slowly cross the Moon.
2040-11-04,solar-eclipse,partial Solar Eclipse,The Moon briefly hides the Sun.
2040-11-18,lunar-eclipse,total Lunar Eclipse,Watch Earth's shadow slowly cross the Moon.
2041-04-30,solar-eclipse,total Solar Eclipse,The Moon briefly hides the Sun.
2041-05-16,lunar-eclipse,partial Lunar Eclipse,Watch Earth's shadow slowly cross the Moon.
2041-10-25,solar-eclipse,annular Solar Eclipse,The Moon briefly hides the Sun.
2041-11-08,lunar-eclipse,partial Lunar Eclipse,Watch Earth's shadow slowly cross the Moon.
2042-04-05,lunar-eclipse,penumbral Lunar Eclipse,Watch Earth's shadow slowly cross the Moon.
2042-04-20,solar-eclipse,total Solar Eclipse,The Moon briefly hides the Sun.
2042-09-29,lunar-eclipse,partial Lunar Eclipse,Watch Earth's shadow slowly cross the Moon.
2042-10-14,solar-eclipse,annular Solar Eclipse,The Moon briefly hides the Sun.
2043-03-25,lunar-eclipse,total Lunar Eclipse,Watch Earth's shadow slowly cross the Moon.
2043-04-09,solar-eclipse,partial Solar Eclipse,The Moon briefly hides the Sun.
2043-09-19,lunar-eclipse,total Lunar Eclipse,Watch Earth's shadow slowly cross the Moon.
2043-10-03,solar-eclipse,partial Solar Eclipse,The Moon briefly hides the Sun.
2044-02-28,solar-eclipse,annular Solar Eclipse,The Moon briefly hides the Sun.
2044-03-13,lunar-eclipse,total Lunar Eclipse,Watch Earth's shadow slowly cross the Moon.
2044-08-23,solar-eclipse,total Solar Eclipse,The Moon briefly hides the Sun.
2044-09-07,lunar-eclipse,total Lunar Eclipse,Watch Earth's shadow slowly cross the Moon.
2045-02-16,solar-eclipse,annular Solar Eclipse,The Moon briefly hides the Sun.
2045-03-03,lunar-eclipse,penumbral Lunar Eclipse,Watch Earth's shadow slowly cross the Moon.
2045-08-12,solar-eclipse,total Solar Eclipse,The Moon briefly hides the Sun.
2045-08-27,lunar-eclipse,penumbral Lunar Eclipse,Watch Earth's shadow slowly cross the Moon.
2046-01-22,lunar-eclipse,partial Lunar Eclipse,Watch Earth's shadow slowly cross the Moon.
2046-02-05,solar-eclipse,annular Solar Eclipse,The Moon briefly hides the Sun.
2046-07-18,lunar-eclipse,partial Lunar Eclipse,Watch Earth's shadow slowly cross the Moon.
2046-08-02,solar-eclipse,total Solar Eclipse,The Moon briefly hides the Sun.
2047-01-12,lunar-eclipse,total Lunar Eclipse,Watch Earth's shadow slowly cross the Moon.
2047-01-26,solar-eclipse,partial Solar Eclipse,The Moon briefly hides the Sun.
2047-06-23,solar-eclipse,partial Solar Eclipse,The Moon briefly hides the Sun.
2047-07-07,lunar-eclipse,total Lunar Eclipse,Watch Earth's shadow slowly cross the Moon.
2047-07-22,solar-eclipse,partial Solar Eclipse,The Moon briefly hides the Sun.
2047-12-16,solar-eclipse,partial Solar Eclipse,The Moon briefly hides the Sun.
2048-01-01,lunar-eclipse,total Lunar Eclipse,Watch Earth's shadow slowly cross the Moon.
2048-06-11,solar-eclipse,annular Solar Eclipse,The Moon briefly hides the Sun.
2048-06-26,lunar-eclipse,partial Lunar Eclipse,Watch Earth's shadow slowly cross the Moon.
2048-12-05,solar-eclipse,total Solar Eclipse,The Moon briefly hides the Sun.
2048-12-20,lunar-eclipse,penumbral Lunar Eclipse,Watch Earth's shadow slowly cross the Moon.
2049-05-17,lunar-eclipse,penumbral Lunar Eclipse,Watch Earth's shadow slowly cross the Moon.
2049-05-31,solar-eclipse,annular Solar Eclipse,The Moon briefly hides the Sun.
2049-06-15,lunar-eclipse,penumbral Lunar Eclipse,Watch Earth's shadow slowly cross the Moon.
2049-11-09,lunar-eclipse,penumbral Lunar Eclipse,Watch Earth's shadow slowly cross the Moon.
2049-11-25,solar-eclipse,total Solar Eclipse,The Moon briefly hides the Sun.
2050-05-06,lunar-eclipse,total Lunar Eclipse,Watch Earth's shadow slowly cross the Moon.
2050-05-20,solar-eclipse,total Solar Eclipse,The Moon briefly hides the Sun.
2050-10-30,lunar-eclipse,total Lunar Eclipse,Watch Earth's shadow slowly cross the Moon.
2050-11-14,solar-eclipse,partial Solar Eclipse,The Moon briefly hides the Sun.
2051-04-11,solar-eclipse,partial Solar Eclipse,The Moon briefly hides the Sun.
2051-04-26,lunar-eclipse,total Lunar Eclipse,Watch Earth's shadow slowly cross the Moon.
date,type,title,description