date,type,title,description
2026-03-20,equinox,Spring Equinox,Persephone returns. The Paulmanac year begins.
2026-06-21,solstice,Summer Solstice,The longest day of the year.
2026-09-23,equinox,Autumn Equinox,Day and night stand in balance.
2026-12-21,solstice,Winter Solstice,The longest night of the year.
2027-03-20,equinox,Spring Equinox,Persephone returns. The Paulmanac year begins.
2027-06-21,solstice,Summer Solstice,The longest day of the year.
2027-09-23,equinox,Autumn Equinox,Day and night stand in balance.
2027-12-22,solstice,Winter Solstice,The longest night of the year.
2028-03-20,equinox,Spring Equinox,Persephone returns. The Paulmanac year begins.
2028-06-20,solstice,Summer Solstice,The longest day of the year.
2028-09-22,equinox,Autumn Equinox,Day and night stand in balance.
2028-12-21,solstice,Winter Solstice,The longest night of the year.
2029-03-20,equinox,Spring Equinox,Persephone returns. The Paulmanac year begins.
2029-06-21,solstice,Summer Solstice,The longest day of the year.
2029-09-22,equinox,Autumn Equinox,Day and night stand in balance.
2029-12-21,solstice,Winter Solstice,The longest night of the year.
2030-03-20,equinox,Spring Equinox,Persephone returns. The Paulmanac year begins.
2030-06-21,solstice,Summer Solstice,The longest day of the year.
2030-09-22,equinox,Autumn Equinox,Day and night stand in balance.
2030-12-21,solstice,Winter Solstice,The longest night of the year.
2031-03-20,equinox,Spring Equinox,Persephone returns. The Paulmanac year begins.
2031-06-21,solstice,Summer Solstice,The longest day of the year.
2031-09-23,equinox,Autumn Equinox,Day and night stand in balance.
2031-12-22,solstice,Winter Solstice,The longest night of the year.
2032-03-20,equinox,Spring Equinox,Persephone returns. The Paulmanac year begins.
2032-06-20,solstice,Summer Solstice,The longest day of the year.
2032-09-22,equinox,Autumn Equinox,Day and night stand in balance.
2032-12-21,solstice,Winter Solstice,The longest night of the year.
2033-03-20,equinox,Spring Equinox,Persephone returns. The Paulmanac year begins.
2033-06-21,solstice,Summer Solstice,The longest day of the year.
2033-09-22,equinox,Autumn Equinox,Day and night stand in balance.
2033-12-21,solstice,Winter Solstice,The longest night of the year.
2034-03-20,equinox,Spring Equinox,Persephone returns. The Paulmanac year begins.
2034-06-21,solstice,Summer Solstice,The longest day of the year.
2034-09-22,equinox,Autumn Equinox,Day and night stand in balance.
2034-12-21,solstice,Winter Solstice,The longest night of the year.
2035-03-20,equinox,Spring Equinox,Persephone returns. The Paulmanac year begins.
2035-06-21,solstice,Summer Solstice,The longest day of the year.
2035-09-23,equinox,Autumn Equinox,Day and night stand in balance.
2035-12-22,solstice,Winter Solstice,The longest night of the year.
2036-03-20,equinox,Spring Equinox,Persephone returns. The Paulmanac year begins.
2036-06-20,solstice,Summer Solstice,The longest day of the year.
2036-09-22,equinox,Autumn Equinox,Day and night stand in balance.
2036-12-21,solstice,Winter Solstice,The longest night of the year.
2037-03-20,equinox,Spring Equinox,Persephone returns. The Paulmanac year begins.
2037-06-21,solstice,Summer Solstice,The longest day of the year.
2037-09-22,equinox,Autumn Equinox,Day and night stand in balance.
2037-12-21,solstice,Winter Solstice,The longest night of the year.
2038-03-20,equinox,Spring Equinox,Persephone returns. The Paulmanac year begins.
2038-06-21,solstice,Summer Solstice,The longest day of the year.
2038-09-22,equinox,Autumn Equinox,Day and night stand in balance.
2038-12-21,solstice,Winter Solstice,The longest night of the year.
2039-03-20,equinox,Spring Equinox,Persephone returns. The Paulmanac year begins.
2039-06-21,solstice,Summer Solstice,The longest day of the year.
2039-09-23,equinox,Autumn Equinox,Day and night stand in balance.
2039-12-22,solstice,Winter Solstice,The longest night of the year.
2040-03-20,equinox,Spring Equinox,Persephone returns. The Paulmanac year begins.
2040-06-20,solstice,Summer Solstice,The longest day of the year.
2040-09-22,equinox,Autumn Equinox,Day and night stand in balance.
2040-12-21,solstice,Winter Solstice,The longest night of the year.
2041-03-20,equinox,Spring Equinox,Persephone returns. The Paulmanac year begins.
2041-06-20,solstice,Summer Solstice,The longest day of the year.
2041-09-22,equinox,Autumn Equinox,Day and night stand in balance.
2041-12-21,solstice,Winter Solstice,The longest night of the year.
2042-03-20,equinox,Spring Equinox,Persephone returns. The Paulmanac year begins.
2042-06-21,solstice,Summer Solstice,The longest day of the year.
2042-09-22,equinox,Autumn Equinox,Day and night stand in balance.
2042-12-21,solstice,Winter Solstice,The longest night of the year.
2043-03-20,equinox,Spring Equinox,Persephone returns. The Paulmanac year begins.
2043-06-21,solstice,Summer Solstice,The longest day of the year.
2043-09-23,equinox,Autumn Equinox,Day and night stand in balance.
2043-12-22,solstice,Winter Solstice,The longest night of the year.
2044-03-19,equinox,Spring Equinox,Persephone returns. The Paulmanac year begins.
2044-06-20,solstice,Summer Solstice,The longest day of the year.
2044-09-22,equinox,Autumn Equinox,Day and night stand in balance.
2044-12-21,solstice,Winter Solstice,The longest night of the year.
2045-03-20,equinox,Spring Equinox,Persephone returns. The Paulmanac year begins.
2045-06-20,solstice,Summer Solstice,The longest day of the year.
2045-09-22,equinox,Autumn Equinox,Day and night stand in balance.
2045-12-21,solstice,Winter Solstice,The longest night of the year.
2046-03-20,equinox,Spring Equinox,Persephone returns. The Paulmanac year begins.
2046-06-21,solstice,Summer Solstice,The longest day of the year.
2046-09-22,equinox,Autumn Equinox,Day and night stand in balance.
2046-12-21,solstice,Winter Solstice,The longest night of the year.
2047-03-20,equinox,Spring Equinox,Persephone returns. The Paulmanac year begins.
2047-06-21,solstice,Summer Solstice,The longest day of the year.
2047-09-23,equinox,Autumn Equinox,Day and night stand in balance.
2047-12-21,solstice,Winter Solstice,The longest night of the year.
2048-03-19,equinox,Spring Equinox,Persephone returns. The Paulmanac year begins.
2048-06-20,solstice,Summer Solstice,The longest day of the year.
2048-09-22,equinox,Autumn Equinox,Day and night stand in balance.
2048-12-21,solstice,Winter Solstice,The longest night of the year.
2049-03-20,equinox,Spring Equinox,Persephone returns. The Paulmanac year begins.
2049-06-20,solstice,Summer Solstice,The longest day of the year.
2049-09-22,equinox,Autumn Equinox,Day and night stand in balance.
2049-12-21,solstice,Winter Solstice,The longest night of the year.
2050-03-20,equinox,Spring Equinox,Persephone returns. The Paulmanac year begins.
2050-06-21,solstice,Summer Solstice,The longest day of the year.
2050-09-22,equinox,Autumn Equinox,Day and night stand in balance.
2050-12-21,solstice,Winter Solstice,The longest night of the year.